iteration,epoch,probability
0,0,"tensor([0.0015], device='cuda:0')"
0,1,"tensor([0.0127], device='cuda:0')"
0,2,"tensor([0.0715], device='cuda:0')"
0,3,"tensor([0.2941], device='cuda:0')"
0,4,"tensor([0.6958], device='cuda:0')"
0,5,"tensor([0.9044], device='cuda:0')"
0,6,"tensor([0.9735], device='cuda:0')"
1,0,"tensor([0.0014], device='cuda:0')"
1,1,"tensor([0.0114], device='cuda:0')"
1,2,"tensor([0.0692], device='cuda:0')"
1,3,"tensor([0.3089], device='cuda:0')"
1,4,"tensor([0.7241], device='cuda:0')"
1,5,"tensor([0.9308], device='cuda:0')"
1,6,"tensor([0.9825], device='cuda:0')"
2,0,"tensor([0.0014], device='cuda:0')"
2,1,"tensor([0.0120], device='cuda:0')"
2,2,"tensor([0.0757], device='cuda:0')"
2,3,"tensor([0.3530], device='cuda:0')"
2,4,"tensor([0.7463], device='cuda:0')"
2,5,"tensor([0.9311], device='cuda:0')"
2,6,"tensor([0.9828], device='cuda:0')"
3,0,"tensor([0.0014], device='cuda:0')"
3,1,"tensor([0.0118], device='cuda:0')"
3,2,"tensor([0.0744], device='cuda:0')"
3,3,"tensor([0.3189], device='cuda:0')"
3,4,"tensor([0.6904], device='cuda:0')"
3,5,"tensor([0.8991], device='cuda:0')"
3,6,"tensor([0.9692], device='cuda:0')"
4,0,"tensor([0.0016], device='cuda:0')"
4,1,"tensor([0.0146], device='cuda:0')"
4,2,"tensor([0.0942], device='cuda:0')"
4,3,"tensor([0.3861], device='cuda:0')"
4,4,"tensor([0.7575], device='cuda:0')"
4,5,"tensor([0.9294], device='cuda:0')"
4,6,"tensor([0.9791], device='cuda:0')"
