image_path,r,mask_probability,applied_probability
../dog_images/0.jpg,0.01,"tensor(0.7609, device='cuda:0')","tensor([0.0001], device='cuda:0')"
../dog_images/1.jpg,0.01,"tensor(0.7609, device='cuda:0')","tensor([0.0002], device='cuda:0')"
../dog_images/2.jpg,0.01,"tensor(0.7609, device='cuda:0')","tensor([2.4851e-05], device='cuda:0')"
../dog_images/3.jpg,0.01,"tensor(0.7609, device='cuda:0')","tensor([0.0001], device='cuda:0')"
../dog_images/4.jpg,0.01,"tensor(0.7609, device='cuda:0')","tensor([4.1188e-07], device='cuda:0')"
../dog_images/5.jpg,0.01,"tensor(0.7609, device='cuda:0')","tensor([8.0222e-06], device='cuda:0')"
../dog_images/6.jpg,0.01,"tensor(0.7609, device='cuda:0')","tensor([4.2976e-07], device='cuda:0')"
../dog_images/7.jpg,0.01,"tensor(0.7609, device='cuda:0')","tensor([0.0002], device='cuda:0')"
../dog_images/8.jpg,0.01,"tensor(0.7609, device='cuda:0')","tensor([3.8793e-07], device='cuda:0')"
../dog_images/9.jpg,0.01,"tensor(0.7609, device='cuda:0')","tensor([7.2207e-07], device='cuda:0')"
../dog_images/0.jpg,0.03,"tensor(0.0012, device='cuda:0')","tensor([0.0001], device='cuda:0')"
../dog_images/1.jpg,0.03,"tensor(0.0012, device='cuda:0')","tensor([0.0002], device='cuda:0')"
../dog_images/2.jpg,0.03,"tensor(0.0012, device='cuda:0')","tensor([2.0211e-05], device='cuda:0')"
../dog_images/3.jpg,0.03,"tensor(0.0012, device='cuda:0')","tensor([0.0001], device='cuda:0')"
../dog_images/4.jpg,0.03,"tensor(0.0012, device='cuda:0')","tensor([5.6297e-07], device='cuda:0')"
../dog_images/5.jpg,0.03,"tensor(0.0012, device='cuda:0')","tensor([8.6517e-06], device='cuda:0')"
../dog_images/6.jpg,0.03,"tensor(0.0012, device='cuda:0')","tensor([1.1728e-07], device='cuda:0')"
../dog_images/7.jpg,0.03,"tensor(0.0012, device='cuda:0')","tensor([0.0002], device='cuda:0')"
../dog_images/8.jpg,0.03,"tensor(0.0012, device='cuda:0')","tensor([4.4583e-07], device='cuda:0')"
../dog_images/9.jpg,0.03,"tensor(0.0012, device='cuda:0')","tensor([3.5056e-07], device='cuda:0')"
../dog_images/0.jpg,0.05,"tensor(0.9152, device='cuda:0')","tensor([0.0001], device='cuda:0')"
../dog_images/1.jpg,0.05,"tensor(0.9152, device='cuda:0')","tensor([0.0003], device='cuda:0')"
../dog_images/2.jpg,0.05,"tensor(0.9152, device='cuda:0')","tensor([6.3661e-06], device='cuda:0')"
../dog_images/3.jpg,0.05,"tensor(0.9152, device='cuda:0')","tensor([0.0001], device='cuda:0')"
../dog_images/4.jpg,0.05,"tensor(0.9152, device='cuda:0')","tensor([5.6132e-06], device='cuda:0')"
../dog_images/5.jpg,0.05,"tensor(0.9152, device='cuda:0')","tensor([3.1872e-06], device='cuda:0')"
../dog_images/6.jpg,0.05,"tensor(0.9152, device='cuda:0')","tensor([2.0699e-08], device='cuda:0')"
../dog_images/7.jpg,0.05,"tensor(0.9152, device='cuda:0')","tensor([0.0004], device='cuda:0')"
../dog_images/8.jpg,0.05,"tensor(0.9152, device='cuda:0')","tensor([3.0484e-07], device='cuda:0')"
../dog_images/9.jpg,0.05,"tensor(0.9152, device='cuda:0')","tensor([6.2337e-07], device='cuda:0')"
../dog_images/0.jpg,0.07,"tensor(0.9011, device='cuda:0')","tensor([5.4499e-05], device='cuda:0')"
../dog_images/1.jpg,0.07,"tensor(0.9011, device='cuda:0')","tensor([0.0005], device='cuda:0')"
../dog_images/2.jpg,0.07,"tensor(0.9011, device='cuda:0')","tensor([1.4436e-06], device='cuda:0')"
../dog_images/3.jpg,0.07,"tensor(0.9011, device='cuda:0')","tensor([0.0003], device='cuda:0')"
../dog_images/4.jpg,0.07,"tensor(0.9011, device='cuda:0')","tensor([5.4438e-06], device='cuda:0')"
../dog_images/5.jpg,0.07,"tensor(0.9011, device='cuda:0')","tensor([1.3093e-06], device='cuda:0')"
../dog_images/6.jpg,0.07,"tensor(0.9011, device='cuda:0')","tensor([2.0443e-08], device='cuda:0')"
../dog_images/7.jpg,0.07,"tensor(0.9011, device='cuda:0')","tensor([0.0002], device='cuda:0')"
../dog_images/8.jpg,0.07,"tensor(0.9011, device='cuda:0')","tensor([1.0222e-07], device='cuda:0')"
../dog_images/9.jpg,0.07,"tensor(0.9011, device='cuda:0')","tensor([1.2754e-06], device='cuda:0')"
../dog_images/0.jpg,0.09,"tensor(0.9005, device='cuda:0')","tensor([0.0001], device='cuda:0')"
../dog_images/1.jpg,0.09,"tensor(0.9005, device='cuda:0')","tensor([0.0004], device='cuda:0')"
../dog_images/2.jpg,0.09,"tensor(0.9005, device='cuda:0')","tensor([9.9954e-06], device='cuda:0')"
../dog_images/3.jpg,0.09,"tensor(0.9005, device='cuda:0')","tensor([0.0001], device='cuda:0')"
../dog_images/4.jpg,0.09,"tensor(0.9005, device='cuda:0')","tensor([4.8970e-07], device='cuda:0')"
../dog_images/5.jpg,0.09,"tensor(0.9005, device='cuda:0')","tensor([1.0216e-06], device='cuda:0')"
../dog_images/6.jpg,0.09,"tensor(0.9005, device='cuda:0')","tensor([2.0214e-08], device='cuda:0')"
../dog_images/7.jpg,0.09,"tensor(0.9005, device='cuda:0')","tensor([0.0002], device='cuda:0')"
../dog_images/8.jpg,0.09,"tensor(0.9005, device='cuda:0')","tensor([3.3547e-07], device='cuda:0')"
../dog_images/9.jpg,0.09,"tensor(0.9005, device='cuda:0')","tensor([1.3417e-06], device='cuda:0')"
../dog_images/0.jpg,0.01,"tensor(0.2220, device='cuda:0')","tensor([0.0001], device='cuda:0')"
../dog_images/1.jpg,0.01,"tensor(0.2220, device='cuda:0')","tensor([0.0002], device='cuda:0')"
../dog_images/2.jpg,0.01,"tensor(0.2220, device='cuda:0')","tensor([2.5282e-05], device='cuda:0')"
../dog_images/3.jpg,0.01,"tensor(0.2220, device='cuda:0')","tensor([0.0001], device='cuda:0')"
../dog_images/4.jpg,0.01,"tensor(0.2220, device='cuda:0')","tensor([5.1419e-07], device='cuda:0')"
../dog_images/5.jpg,0.01,"tensor(0.2220, device='cuda:0')","tensor([6.9174e-06], device='cuda:0')"
../dog_images/6.jpg,0.01,"tensor(0.2220, device='cuda:0')","tensor([3.7725e-07], device='cuda:0')"
../dog_images/7.jpg,0.01,"tensor(0.2220, device='cuda:0')","tensor([0.0002], device='cuda:0')"
../dog_images/8.jpg,0.01,"tensor(0.2220, device='cuda:0')","tensor([3.7125e-07], device='cuda:0')"
../dog_images/9.jpg,0.01,"tensor(0.2220, device='cuda:0')","tensor([7.2572e-07], device='cuda:0')"
../dog_images/0.jpg,0.03,"tensor(0.0013, device='cuda:0')","tensor([0.0001], device='cuda:0')"
../dog_images/1.jpg,0.03,"tensor(0.0013, device='cuda:0')","tensor([0.0002], device='cuda:0')"
../dog_images/2.jpg,0.03,"tensor(0.0013, device='cuda:0')","tensor([1.7077e-05], device='cuda:0')"
../dog_images/3.jpg,0.03,"tensor(0.0013, device='cuda:0')","tensor([0.0001], device='cuda:0')"
../dog_images/4.jpg,0.03,"tensor(0.0013, device='cuda:0')","tensor([5.2461e-07], device='cuda:0')"
../dog_images/5.jpg,0.03,"tensor(0.0013, device='cuda:0')","tensor([9.3777e-06], device='cuda:0')"
../dog_images/6.jpg,0.03,"tensor(0.0013, device='cuda:0')","tensor([1.1323e-07], device='cuda:0')"
../dog_images/7.jpg,0.03,"tensor(0.0013, device='cuda:0')","tensor([0.0001], device='cuda:0')"
../dog_images/8.jpg,0.03,"tensor(0.0013, device='cuda:0')","tensor([4.8807e-07], device='cuda:0')"
../dog_images/9.jpg,0.03,"tensor(0.0013, device='cuda:0')","tensor([3.7535e-07], device='cuda:0')"
../dog_images/0.jpg,0.05,"tensor(0.9015, device='cuda:0')","tensor([0.0001], device='cuda:0')"
../dog_images/1.jpg,0.05,"tensor(0.9015, device='cuda:0')","tensor([0.0002], device='cuda:0')"
../dog_images/2.jpg,0.05,"tensor(0.9015, device='cuda:0')","tensor([1.8930e-06], device='cuda:0')"
../dog_images/3.jpg,0.05,"tensor(0.9015, device='cuda:0')","tensor([0.0003], device='cuda:0')"
../dog_images/4.jpg,0.05,"tensor(0.9015, device='cuda:0')","tensor([1.8986e-06], device='cuda:0')"
../dog_images/5.jpg,0.05,"tensor(0.9015, device='cuda:0')","tensor([3.1824e-06], device='cuda:0')"
../dog_images/6.jpg,0.05,"tensor(0.9015, device='cuda:0')","tensor([1.2211e-07], device='cuda:0')"
../dog_images/7.jpg,0.05,"tensor(0.9015, device='cuda:0')","tensor([0.0004], device='cuda:0')"
../dog_images/8.jpg,0.05,"tensor(0.9015, device='cuda:0')","tensor([6.5471e-08], device='cuda:0')"
../dog_images/9.jpg,0.05,"tensor(0.9015, device='cuda:0')","tensor([2.4078e-06], device='cuda:0')"
../dog_images/0.jpg,0.07,"tensor(0.9015, device='cuda:0')","tensor([3.1540e-05], device='cuda:0')"
../dog_images/1.jpg,0.07,"tensor(0.9015, device='cuda:0')","tensor([0.0002], device='cuda:0')"
../dog_images/2.jpg,0.07,"tensor(0.9015, device='cuda:0')","tensor([2.3831e-06], device='cuda:0')"
../dog_images/3.jpg,0.07,"tensor(0.9015, device='cuda:0')","tensor([0.0003], device='cuda:0')"
../dog_images/4.jpg,0.07,"tensor(0.9015, device='cuda:0')","tensor([1.3659e-06], device='cuda:0')"
../dog_images/5.jpg,0.07,"tensor(0.9015, device='cuda:0')","tensor([8.3184e-07], device='cuda:0')"
../dog_images/6.jpg,0.07,"tensor(0.9015, device='cuda:0')","tensor([3.1179e-08], device='cuda:0')"
../dog_images/7.jpg,0.07,"tensor(0.9015, device='cuda:0')","tensor([0.0003], device='cuda:0')"
../dog_images/8.jpg,0.07,"tensor(0.9015, device='cuda:0')","tensor([1.1255e-07], device='cuda:0')"
../dog_images/9.jpg,0.07,"tensor(0.9015, device='cuda:0')","tensor([4.6753e-07], device='cuda:0')"
../dog_images/0.jpg,0.09,"tensor(0.9080, device='cuda:0')","tensor([6.1255e-05], device='cuda:0')"
../dog_images/1.jpg,0.09,"tensor(0.9080, device='cuda:0')","tensor([0.0019], device='cuda:0')"
../dog_images/2.jpg,0.09,"tensor(0.9080, device='cuda:0')","tensor([6.9839e-06], device='cuda:0')"
../dog_images/3.jpg,0.09,"tensor(0.9080, device='cuda:0')","tensor([0.0003], device='cuda:0')"
../dog_images/4.jpg,0.09,"tensor(0.9080, device='cuda:0')","tensor([1.4382e-06], device='cuda:0')"
../dog_images/5.jpg,0.09,"tensor(0.9080, device='cuda:0')","tensor([4.5311e-07], device='cuda:0')"
../dog_images/6.jpg,0.09,"tensor(0.9080, device='cuda:0')","tensor([3.9643e-08], device='cuda:0')"
../dog_images/7.jpg,0.09,"tensor(0.9080, device='cuda:0')","tensor([0.0003], device='cuda:0')"
../dog_images/8.jpg,0.09,"tensor(0.9080, device='cuda:0')","tensor([2.1909e-07], device='cuda:0')"
../dog_images/9.jpg,0.09,"tensor(0.9080, device='cuda:0')","tensor([3.0656e-07], device='cuda:0')"
