model,image,divider,min_pourcentage,result_evolution
resnet50.tv_in1k,../dog_images/0.jpg,8,0.09375,8.89419752638787e-05
resnet50.tv_in1k,../dog_images/0.jpg,8,0.203125,0.00020485605637077242
resnet50.tv_in1k,../dog_images/0.jpg,8,0.40625,0.0002778180059976876
resnet50.tv_in1k,../dog_images/0.jpg,8,0.609375,0.0004745843034470454
resnet50.tv_in1k,../dog_images/0.jpg,8,0.796875,0.0008747434330871329
resnet50.tv_in1k,../dog_images/0.jpg,8,0.890625,0.0007004546205280349
resnet50.tv_in1k,../dog_images/0.jpg,8,0.953125,0.0009627266845200211
resnet50.tv_in1k,../dog_images/0.jpg,8,1.0,0.000938335171667859
resnet50.tv_in1k,../dog_images/0.jpg,16,0.09375,0.00012536533176898956
resnet50.tv_in1k,../dog_images/0.jpg,16,0.203125,0.00021739194926340133
resnet50.tv_in1k,../dog_images/0.jpg,16,0.40625,0.0002899750688811764
resnet50.tv_in1k,../dog_images/0.jpg,16,0.609375,0.00043445444316603243
resnet50.tv_in1k,../dog_images/0.jpg,16,0.796875,0.0010228326136711985
resnet50.tv_in1k,../dog_images/0.jpg,16,0.890625,0.0006523810006910935
resnet50.tv_in1k,../dog_images/0.jpg,16,0.953125,0.0008715399162610993
resnet50.tv_in1k,../dog_images/0.jpg,16,1.0,0.0014286810328485444
resnet50.tv_in1k,../dog_images/0.jpg,32,0.09375,0.00014141417341306806
resnet50.tv_in1k,../dog_images/0.jpg,32,0.203125,0.00024102473980747163
resnet50.tv_in1k,../dog_images/0.jpg,32,0.40625,0.00029317282314877957
resnet50.tv_in1k,../dog_images/0.jpg,32,0.609375,0.0004176633228780702
resnet50.tv_in1k,../dog_images/0.jpg,32,0.796875,0.0010144272382603958
resnet50.tv_in1k,../dog_images/0.jpg,32,0.890625,0.0008998267439892516
resnet50.tv_in1k,../dog_images/0.jpg,32,0.953125,0.001275475966394879
resnet50.tv_in1k,../dog_images/0.jpg,32,1.0,0.0010446441447129473
resnet50.tv_in1k,../dog_images/0.jpg,56,0.09375,0.00012707835412584245
resnet50.tv_in1k,../dog_images/0.jpg,56,0.203125,0.0002305383386556059
resnet50.tv_in1k,../dog_images/0.jpg,56,0.40625,0.00029496448405552655
resnet50.tv_in1k,../dog_images/0.jpg,56,0.609375,0.0005371830484364182
resnet50.tv_in1k,../dog_images/0.jpg,56,0.796875,0.0007843489001970738
resnet50.tv_in1k,../dog_images/0.jpg,56,0.890625,0.0010293556551914662
resnet50.tv_in1k,../dog_images/0.jpg,56,0.953125,0.000995745649561286
resnet50.tv_in1k,../dog_images/0.jpg,56,1.0,0.0010130831942660734
resnet50.tv_in1k,../dog_images/1.jpg,8,0.09375,0.00014685539645142853
resnet50.tv_in1k,../dog_images/1.jpg,8,0.203125,0.00046060275053605437
resnet50.tv_in1k,../dog_images/1.jpg,8,0.40625,0.0007668555481359363
resnet50.tv_in1k,../dog_images/1.jpg,8,0.609375,0.0010834737622644752
resnet50.tv_in1k,../dog_images/1.jpg,8,0.796875,0.0014337271422846243
resnet50.tv_in1k,../dog_images/1.jpg,8,0.890625,0.0015113702684175223
resnet50.tv_in1k,../dog_images/1.jpg,8,0.953125,0.0018333048355998471
resnet50.tv_in1k,../dog_images/1.jpg,8,1.0,0.001505849533714354
resnet50.tv_in1k,../dog_images/1.jpg,16,0.09375,0.00010129516886081547
resnet50.tv_in1k,../dog_images/1.jpg,16,0.203125,0.00028400763403624296
resnet50.tv_in1k,../dog_images/1.jpg,16,0.40625,0.0004301737935747951
resnet50.tv_in1k,../dog_images/1.jpg,16,0.609375,0.000769576508901082
resnet50.tv_in1k,../dog_images/1.jpg,16,0.796875,0.0012968011142220348
resnet50.tv_in1k,../dog_images/1.jpg,16,0.890625,0.0017447556456318125
resnet50.tv_in1k,../dog_images/1.jpg,16,0.953125,0.0015924091858323663
resnet50.tv_in1k,../dog_images/1.jpg,16,1.0,0.0017438891518395394
resnet50.tv_in1k,../dog_images/1.jpg,32,0.09375,0.00018396397354081273
resnet50.tv_in1k,../dog_images/1.jpg,32,0.203125,0.00018100999295711517
resnet50.tv_in1k,../dog_images/1.jpg,32,0.40625,0.0002627718495205045
resnet50.tv_in1k,../dog_images/1.jpg,32,0.609375,0.0008093662763712928
resnet50.tv_in1k,../dog_images/1.jpg,32,0.796875,0.0014265313802752644
resnet50.tv_in1k,../dog_images/1.jpg,32,0.890625,0.0017959121614694595
resnet50.tv_in1k,../dog_images/1.jpg,32,0.953125,0.001625560165848583
resnet50.tv_in1k,../dog_images/1.jpg,32,1.0,0.0020025557896587998
resnet50.tv_in1k,../dog_images/1.jpg,56,0.09375,0.00013189562014304101
resnet50.tv_in1k,../dog_images/1.jpg,56,0.203125,0.00021370334434323013
resnet50.tv_in1k,../dog_images/1.jpg,56,0.40625,0.0003296248323749751
resnet50.tv_in1k,../dog_images/1.jpg,56,0.609375,0.0010691684146877378
resnet50.tv_in1k,../dog_images/1.jpg,56,0.796875,0.0015512586396653205
resnet50.tv_in1k,../dog_images/1.jpg,56,0.890625,0.001848246989538893
resnet50.tv_in1k,../dog_images/1.jpg,56,0.953125,0.0015412814100272954
resnet50.tv_in1k,../dog_images/1.jpg,56,1.0,0.0016974810569081455
resnet50.tv_in1k,../dog_images/2.jpg,8,0.09375,2.2764923414797522e-05
resnet50.tv_in1k,../dog_images/2.jpg,8,0.203125,7.212271157186478e-05
resnet50.tv_in1k,../dog_images/2.jpg,8,0.40625,0.000164430775839719
resnet50.tv_in1k,../dog_images/2.jpg,8,0.609375,0.00031037214830575977
resnet50.tv_in1k,../dog_images/2.jpg,8,0.796875,0.0002606496163934935
resnet50.tv_in1k,../dog_images/2.jpg,8,0.890625,0.0003930576658603968
resnet50.tv_in1k,../dog_images/2.jpg,8,0.953125,0.0005632457996398443
resnet50.tv_in1k,../dog_images/2.jpg,8,1.0,0.0005539281610253965
resnet50.tv_in1k,../dog_images/2.jpg,16,0.09375,2.0008475985378027e-05
resnet50.tv_in1k,../dog_images/2.jpg,16,0.203125,5.82700886297971e-05
resnet50.tv_in1k,../dog_images/2.jpg,16,0.40625,0.00017433544780942611
resnet50.tv_in1k,../dog_images/2.jpg,16,0.609375,0.00030760948175156955
resnet50.tv_in1k,../dog_images/2.jpg,16,0.796875,0.0003463289685896598
resnet50.tv_in1k,../dog_images/2.jpg,16,0.890625,0.00048791073822940234
resnet50.tv_in1k,../dog_images/2.jpg,16,0.953125,0.0005578002146648942
resnet50.tv_in1k,../dog_images/2.jpg,16,1.0,0.0006386352160916431
resnet50.tv_in1k,../dog_images/2.jpg,32,0.09375,2.684570790734142e-05
resnet50.tv_in1k,../dog_images/2.jpg,32,0.203125,8.88274771568831e-05
resnet50.tv_in1k,../dog_images/2.jpg,32,0.40625,0.00018519109289627522
resnet50.tv_in1k,../dog_images/2.jpg,32,0.609375,0.0003551551926648244
resnet50.tv_in1k,../dog_images/2.jpg,32,0.796875,0.0004920120391034288
resnet50.tv_in1k,../dog_images/2.jpg,32,0.890625,0.000504398076373036
resnet50.tv_in1k,../dog_images/2.jpg,32,0.953125,0.0005998844335408648
resnet50.tv_in1k,../dog_images/2.jpg,32,1.0,0.0005394999643613119
resnet50.tv_in1k,../dog_images/2.jpg,56,0.09375,2.4691798898857087e-05
resnet50.tv_in1k,../dog_images/2.jpg,56,0.203125,9.825008964980952e-05
resnet50.tv_in1k,../dog_images/2.jpg,56,0.40625,0.00020680785200966056
resnet50.tv_in1k,../dog_images/2.jpg,56,0.609375,0.0002641424598550657
resnet50.tv_in1k,../dog_images/2.jpg,56,0.796875,0.0005462067765620304
resnet50.tv_in1k,../dog_images/2.jpg,56,0.890625,0.0005213841395743657
resnet50.tv_in1k,../dog_images/2.jpg,56,0.953125,0.0005749724805355072
resnet50.tv_in1k,../dog_images/2.jpg,56,1.0,0.0005393711253418587
resnet50.tv_in1k,../dog_images/3.jpg,8,0.09375,3.899505827575922e-05
resnet50.tv_in1k,../dog_images/3.jpg,8,0.203125,8.696243457961828e-05
resnet50.tv_in1k,../dog_images/3.jpg,8,0.40625,0.00022361810260917991
resnet50.tv_in1k,../dog_images/3.jpg,8,0.609375,0.00038777261215727776
resnet50.tv_in1k,../dog_images/3.jpg,8,0.796875,0.0005322111683199182
resnet50.tv_in1k,../dog_images/3.jpg,8,0.890625,0.0005868422013008967
resnet50.tv_in1k,../dog_images/3.jpg,8,0.953125,0.0007139086228562519
resnet50.tv_in1k,../dog_images/3.jpg,8,1.0,0.0007480142085114494
resnet50.tv_in1k,../dog_images/3.jpg,16,0.09375,3.608081897255033e-05
resnet50.tv_in1k,../dog_images/3.jpg,16,0.203125,9.665769175626338e-05
resnet50.tv_in1k,../dog_images/3.jpg,16,0.40625,0.00027064248570241034
resnet50.tv_in1k,../dog_images/3.jpg,16,0.609375,0.0004793884727405384
resnet50.tv_in1k,../dog_images/3.jpg,16,0.796875,0.0006089261587476358
resnet50.tv_in1k,../dog_images/3.jpg,16,0.890625,0.0005588692292803898
resnet50.tv_in1k,../dog_images/3.jpg,16,0.953125,0.0007006256055319682
resnet50.tv_in1k,../dog_images/3.jpg,16,1.0,0.0006298010557657108
resnet50.tv_in1k,../dog_images/3.jpg,32,0.09375,4.5706998207606375e-05
resnet50.tv_in1k,../dog_images/3.jpg,32,0.203125,0.00015541953325737268
resnet50.tv_in1k,../dog_images/3.jpg,32,0.40625,0.0004428590909810737
resnet50.tv_in1k,../dog_images/3.jpg,32,0.609375,0.0005649360100505874
resnet50.tv_in1k,../dog_images/3.jpg,32,0.796875,0.0007257975375978276
resnet50.tv_in1k,../dog_images/3.jpg,32,0.890625,0.0006412057118723169
resnet50.tv_in1k,../dog_images/3.jpg,32,0.953125,0.0006517886940855533
resnet50.tv_in1k,../dog_images/3.jpg,32,1.0,0.0007377547299256548
resnet50.tv_in1k,../dog_images/3.jpg,56,0.09375,6.967368244659156e-05
resnet50.tv_in1k,../dog_images/3.jpg,56,0.203125,0.0002061742707155645
resnet50.tv_in1k,../dog_images/3.jpg,56,0.40625,0.0005414289189502597
resnet50.tv_in1k,../dog_images/3.jpg,56,0.609375,0.0006787225138396025
resnet50.tv_in1k,../dog_images/3.jpg,56,0.796875,0.0006771117477910593
resnet50.tv_in1k,../dog_images/3.jpg,56,0.890625,0.0007805871136952192
resnet50.tv_in1k,../dog_images/3.jpg,56,0.953125,0.0006597736501134932
resnet50.tv_in1k,../dog_images/3.jpg,56,1.0,0.0005847763823112473
resnet50.tv_in1k,../dog_images/4.jpg,8,0.09375,4.785597411682829e-07
resnet50.tv_in1k,../dog_images/4.jpg,8,0.203125,1.2089716392438277e-06
resnet50.tv_in1k,../dog_images/4.jpg,8,0.40625,9.664152116783953e-06
resnet50.tv_in1k,../dog_images/4.jpg,8,0.609375,8.677323535266623e-06
resnet50.tv_in1k,../dog_images/4.jpg,8,0.796875,9.408449727743573e-06
resnet50.tv_in1k,../dog_images/4.jpg,8,0.890625,8.734868686133268e-06
resnet50.tv_in1k,../dog_images/4.jpg,8,0.953125,1.1564107126105228e-05
resnet50.tv_in1k,../dog_images/4.jpg,8,1.0,1.0321983097583143e-05
resnet50.tv_in1k,../dog_images/4.jpg,16,0.09375,5.238625817582943e-07
resnet50.tv_in1k,../dog_images/4.jpg,16,0.203125,1.6999076706269989e-06
resnet50.tv_in1k,../dog_images/4.jpg,16,0.40625,9.345341766220372e-06
resnet50.tv_in1k,../dog_images/4.jpg,16,0.609375,1.432044444982239e-05
resnet50.tv_in1k,../dog_images/4.jpg,16,0.796875,1.0439512209359236e-05
resnet50.tv_in1k,../dog_images/4.jpg,16,0.890625,1.1353630554822303e-05
resnet50.tv_in1k,../dog_images/4.jpg,16,0.953125,1.0312980975868413e-05
resnet50.tv_in1k,../dog_images/4.jpg,16,1.0,8.967816597760248e-06
resnet50.tv_in1k,../dog_images/4.jpg,32,0.09375,5.737834953833953e-07
resnet50.tv_in1k,../dog_images/4.jpg,32,0.203125,1.7396174598616199e-06
resnet50.tv_in1k,../dog_images/4.jpg,32,0.40625,5.865242030722584e-06
resnet50.tv_in1k,../dog_images/4.jpg,32,0.609375,1.0315882093436812e-05
resnet50.tv_in1k,../dog_images/4.jpg,32,0.796875,1.0085506630730379e-05
resnet50.tv_in1k,../dog_images/4.jpg,32,0.890625,1.0170968039346917e-05
resnet50.tv_in1k,../dog_images/4.jpg,32,0.953125,1.2040264437018777e-05
resnet50.tv_in1k,../dog_images/4.jpg,32,1.0,1.0999640892350726e-05
resnet50.tv_in1k,../dog_images/4.jpg,56,0.09375,6.007157935528085e-07
resnet50.tv_in1k,../dog_images/4.jpg,56,0.203125,1.9461267015685735e-06
resnet50.tv_in1k,../dog_images/4.jpg,56,0.40625,6.140635946394468e-06
resnet50.tv_in1k,../dog_images/4.jpg,56,0.609375,1.1878627333317127e-05
resnet50.tv_in1k,../dog_images/4.jpg,56,0.796875,1.0504887313800282e-05
resnet50.tv_in1k,../dog_images/4.jpg,56,0.890625,1.4979805428083637e-05
resnet50.tv_in1k,../dog_images/4.jpg,56,0.953125,1.0939251524177962e-05
resnet50.tv_in1k,../dog_images/4.jpg,56,1.0,1.293587627060333e-05
resnet50.tv_in1k,../dog_images/5.jpg,8,0.09375,3.0300769140012562e-05
resnet50.tv_in1k,../dog_images/5.jpg,8,0.203125,4.0376543438469525e-05
resnet50.tv_in1k,../dog_images/5.jpg,8,0.40625,7.07163562765345e-05
resnet50.tv_in1k,../dog_images/5.jpg,8,0.609375,6.11853565715137e-05
resnet50.tv_in1k,../dog_images/5.jpg,8,0.796875,6.700744961563032e-05
resnet50.tv_in1k,../dog_images/5.jpg,8,0.890625,7.121045473468257e-05
resnet50.tv_in1k,../dog_images/5.jpg,8,0.953125,5.763215449405834e-05
resnet50.tv_in1k,../dog_images/5.jpg,8,1.0,6.927502818143694e-05
resnet50.tv_in1k,../dog_images/5.jpg,16,0.09375,1.906627858261345e-05
resnet50.tv_in1k,../dog_images/5.jpg,16,0.203125,3.5799449506157544e-05
resnet50.tv_in1k,../dog_images/5.jpg,16,0.40625,5.657981728290906e-05
resnet50.tv_in1k,../dog_images/5.jpg,16,0.609375,4.940224243910052e-05
resnet50.tv_in1k,../dog_images/5.jpg,16,0.796875,6.1010058743704576e-05
resnet50.tv_in1k,../dog_images/5.jpg,16,0.890625,5.953851723461412e-05
resnet50.tv_in1k,../dog_images/5.jpg,16,0.953125,7.009170712990453e-05
resnet50.tv_in1k,../dog_images/5.jpg,16,1.0,6.35232599961455e-05
resnet50.tv_in1k,../dog_images/5.jpg,32,0.09375,1.3741967450187076e-05
resnet50.tv_in1k,../dog_images/5.jpg,32,0.203125,2.8987890800635796e-05
resnet50.tv_in1k,../dog_images/5.jpg,32,0.40625,5.7211356761399657e-05
resnet50.tv_in1k,../dog_images/5.jpg,32,0.609375,5.436739593278617e-05
resnet50.tv_in1k,../dog_images/5.jpg,32,0.796875,5.94241109865834e-05
resnet50.tv_in1k,../dog_images/5.jpg,32,0.890625,7.047210601740517e-05
resnet50.tv_in1k,../dog_images/5.jpg,32,0.953125,6.413579831132665e-05
resnet50.tv_in1k,../dog_images/5.jpg,32,1.0,5.153161419002572e-05
resnet50.tv_in1k,../dog_images/5.jpg,56,0.09375,1.5741334209451452e-05
resnet50.tv_in1k,../dog_images/5.jpg,56,0.203125,2.674882944120327e-05
resnet50.tv_in1k,../dog_images/5.jpg,56,0.40625,5.221027913648868e-05
resnet50.tv_in1k,../dog_images/5.jpg,56,0.609375,6.5254450419161e-05
resnet50.tv_in1k,../dog_images/5.jpg,56,0.796875,6.639273760811193e-05
resnet50.tv_in1k,../dog_images/5.jpg,56,0.890625,8.546414392185397e-05
resnet50.tv_in1k,../dog_images/5.jpg,56,0.953125,6.0861182646476664e-05
resnet50.tv_in1k,../dog_images/5.jpg,56,1.0,7.172153618739685e-05
resnet50.tv_in1k,../dog_images/6.jpg,8,0.09375,1.0272147221712657e-05
resnet50.tv_in1k,../dog_images/6.jpg,8,0.203125,1.8476826937785518e-05
resnet50.tv_in1k,../dog_images/6.jpg,8,0.40625,4.4762645359242015e-05
resnet50.tv_in1k,../dog_images/6.jpg,8,0.609375,4.420776133429172e-05
resnet50.tv_in1k,../dog_images/6.jpg,8,0.796875,4.007286077012395e-05
resnet50.tv_in1k,../dog_images/6.jpg,8,0.890625,3.4464983372117786e-05
resnet50.tv_in1k,../dog_images/6.jpg,8,0.953125,3.642684640681182e-05
resnet50.tv_in1k,../dog_images/6.jpg,8,1.0,2.5227152889328863e-05
resnet50.tv_in1k,../dog_images/6.jpg,16,0.09375,7.580872932066995e-06
resnet50.tv_in1k,../dog_images/6.jpg,16,0.203125,3.676366708305068e-05
resnet50.tv_in1k,../dog_images/6.jpg,16,0.40625,4.1275517105532344e-05
resnet50.tv_in1k,../dog_images/6.jpg,16,0.609375,4.649156232972018e-05
resnet50.tv_in1k,../dog_images/6.jpg,16,0.796875,3.657026371683969e-05
resnet50.tv_in1k,../dog_images/6.jpg,16,0.890625,5.6704016287767445e-05
resnet50.tv_in1k,../dog_images/6.jpg,16,0.953125,4.094303432111701e-05
resnet50.tv_in1k,../dog_images/6.jpg,16,1.0,3.637191863958833e-05
resnet50.tv_in1k,../dog_images/6.jpg,32,0.09375,2.95659551738936e-05
resnet50.tv_in1k,../dog_images/6.jpg,32,0.203125,3.386134847005451e-05
resnet50.tv_in1k,../dog_images/6.jpg,32,0.40625,4.6111640699564305e-05
resnet50.tv_in1k,../dog_images/6.jpg,32,0.609375,4.151443096134244e-05
resnet50.tv_in1k,../dog_images/6.jpg,32,0.796875,3.5625831230845506e-05
resnet50.tv_in1k,../dog_images/6.jpg,32,0.890625,3.954816492068858e-05
resnet50.tv_in1k,../dog_images/6.jpg,32,0.953125,5.03431821812228e-05
resnet50.tv_in1k,../dog_images/6.jpg,32,1.0,3.27992156030632e-05
resnet50.tv_in1k,../dog_images/6.jpg,56,0.09375,2.0095685385967954e-05
resnet50.tv_in1k,../dog_images/6.jpg,56,0.203125,3.54903323795952e-05
resnet50.tv_in1k,../dog_images/6.jpg,56,0.40625,4.0401426076641656e-05
resnet50.tv_in1k,../dog_images/6.jpg,56,0.609375,3.2963415833364706e-05
resnet50.tv_in1k,../dog_images/6.jpg,56,0.796875,4.338080640309272e-05
resnet50.tv_in1k,../dog_images/6.jpg,56,0.890625,4.295032709933366e-05
resnet50.tv_in1k,../dog_images/6.jpg,56,0.953125,3.750216308162635e-05
resnet50.tv_in1k,../dog_images/6.jpg,56,1.0,3.807900597507796e-05
resnet50.tv_in1k,../dog_images/7.jpg,8,0.09375,7.502232620026916e-05
resnet50.tv_in1k,../dog_images/7.jpg,8,0.203125,0.00016939394117798656
resnet50.tv_in1k,../dog_images/7.jpg,8,0.40625,0.0005982495495118201
resnet50.tv_in1k,../dog_images/7.jpg,8,0.609375,0.0008215890702558681
resnet50.tv_in1k,../dog_images/7.jpg,8,0.796875,0.0009257395722670481
resnet50.tv_in1k,../dog_images/7.jpg,8,0.890625,0.00118743181519676
resnet50.tv_in1k,../dog_images/7.jpg,8,0.953125,0.0014478450757451355
resnet50.tv_in1k,../dog_images/7.jpg,8,1.0,0.0013007208472117782
resnet50.tv_in1k,../dog_images/7.jpg,16,0.09375,0.0001388150849379599
resnet50.tv_in1k,../dog_images/7.jpg,16,0.203125,0.0004647096211556345
resnet50.tv_in1k,../dog_images/7.jpg,16,0.40625,0.000771413862821646
resnet50.tv_in1k,../dog_images/7.jpg,16,0.609375,0.0012214653106639162
resnet50.tv_in1k,../dog_images/7.jpg,16,0.796875,0.0013306007313076407
resnet50.tv_in1k,../dog_images/7.jpg,16,0.890625,0.0013934808521298692
resnet50.tv_in1k,../dog_images/7.jpg,16,0.953125,0.0014914137864252552
resnet50.tv_in1k,../dog_images/7.jpg,16,1.0,0.0013970168656669557
resnet50.tv_in1k,../dog_images/7.jpg,32,0.09375,0.00020058458903804421
resnet50.tv_in1k,../dog_images/7.jpg,32,0.203125,0.0005657310248352587
resnet50.tv_in1k,../dog_images/7.jpg,32,0.40625,0.0008652220130898058
resnet50.tv_in1k,../dog_images/7.jpg,32,0.609375,0.001233333197887987
resnet50.tv_in1k,../dog_images/7.jpg,32,0.796875,0.0013975249166833237
resnet50.tv_in1k,../dog_images/7.jpg,32,0.890625,0.0011030462192138657
resnet50.tv_in1k,../dog_images/7.jpg,32,0.953125,0.001422532761353068
resnet50.tv_in1k,../dog_images/7.jpg,32,1.0,0.0014758465986233205
resnet50.tv_in1k,../dog_images/7.jpg,56,0.09375,0.00023369216069113463
resnet50.tv_in1k,../dog_images/7.jpg,56,0.203125,0.0005025004938943312
resnet50.tv_in1k,../dog_images/7.jpg,56,0.40625,0.0009514311823295429
resnet50.tv_in1k,../dog_images/7.jpg,56,0.609375,0.0010475695016793907
resnet50.tv_in1k,../dog_images/7.jpg,56,0.796875,0.0012221986398799345
resnet50.tv_in1k,../dog_images/7.jpg,56,0.890625,0.0011970138584729284
resnet50.tv_in1k,../dog_images/7.jpg,56,0.953125,0.0014597327390220016
resnet50.tv_in1k,../dog_images/7.jpg,56,1.0,0.0014846199046587572
resnet50.tv_in1k,../dog_images/8.jpg,8,0.09375,1.5391395322694734e-06
resnet50.tv_in1k,../dog_images/8.jpg,8,0.203125,1.1314757273339637e-06
resnet50.tv_in1k,../dog_images/8.jpg,8,0.40625,1.2030461675749393e-06
resnet50.tv_in1k,../dog_images/8.jpg,8,0.609375,1.7671108309968986e-06
resnet50.tv_in1k,../dog_images/8.jpg,8,0.796875,2.115758320542227e-06
resnet50.tv_in1k,../dog_images/8.jpg,8,0.890625,4.729521947410831e-06
resnet50.tv_in1k,../dog_images/8.jpg,8,0.953125,1.026552712346529e-05
resnet50.tv_in1k,../dog_images/8.jpg,8,1.0,6.137200443845359e-06
resnet50.tv_in1k,../dog_images/8.jpg,16,0.09375,9.896417623167508e-07
resnet50.tv_in1k,../dog_images/8.jpg,16,0.203125,9.216349212692876e-07
resnet50.tv_in1k,../dog_images/8.jpg,16,0.40625,1.21814926501429e-06
resnet50.tv_in1k,../dog_images/8.jpg,16,0.609375,2.4094997854717803e-06
resnet50.tv_in1k,../dog_images/8.jpg,16,0.796875,4.513272330086693e-06
resnet50.tv_in1k,../dog_images/8.jpg,16,0.890625,4.916976962476838e-06
resnet50.tv_in1k,../dog_images/8.jpg,16,0.953125,6.036139183152045e-06
resnet50.tv_in1k,../dog_images/8.jpg,16,1.0,1.0107433553230294e-05
resnet50.tv_in1k,../dog_images/8.jpg,32,0.09375,8.256068895207136e-07
resnet50.tv_in1k,../dog_images/8.jpg,32,0.203125,1.1635036116786068e-06
resnet50.tv_in1k,../dog_images/8.jpg,32,0.40625,2.8632093176383933e-06
resnet50.tv_in1k,../dog_images/8.jpg,32,0.609375,2.646486791491043e-06
resnet50.tv_in1k,../dog_images/8.jpg,32,0.796875,3.080338842664787e-06
resnet50.tv_in1k,../dog_images/8.jpg,32,0.890625,7.59575328856954e-06
resnet50.tv_in1k,../dog_images/8.jpg,32,0.953125,6.479743802856319e-06
resnet50.tv_in1k,../dog_images/8.jpg,32,1.0,1.0309000344932429e-05
resnet50.tv_in1k,../dog_images/8.jpg,56,0.09375,4.695000654919568e-07
resnet50.tv_in1k,../dog_images/8.jpg,56,0.203125,6.487155701506708e-07
resnet50.tv_in1k,../dog_images/8.jpg,56,0.40625,2.2131396235636203e-06
resnet50.tv_in1k,../dog_images/8.jpg,56,0.609375,2.4633823443309666e-06
resnet50.tv_in1k,../dog_images/8.jpg,56,0.796875,3.5486771139403572e-06
resnet50.tv_in1k,../dog_images/8.jpg,56,0.890625,7.223974563430602e-06
resnet50.tv_in1k,../dog_images/8.jpg,56,0.953125,8.203372686921284e-06
resnet50.tv_in1k,../dog_images/8.jpg,56,1.0,8.640474248977625e-06
resnet50.tv_in1k,../dog_images/9.jpg,8,0.09375,9.848892773334228e-06
resnet50.tv_in1k,../dog_images/9.jpg,8,0.203125,1.725975732824736e-05
resnet50.tv_in1k,../dog_images/9.jpg,8,0.40625,3.021016999582571e-05
resnet50.tv_in1k,../dog_images/9.jpg,8,0.609375,3.676668512753167e-05
resnet50.tv_in1k,../dog_images/9.jpg,8,0.796875,4.0514099282518146e-05
resnet50.tv_in1k,../dog_images/9.jpg,8,0.890625,6.3127987630196e-05
resnet50.tv_in1k,../dog_images/9.jpg,8,0.953125,7.058907186774377e-05
resnet50.tv_in1k,../dog_images/9.jpg,8,1.0,4.8058505626613623e-05
resnet50.tv_in1k,../dog_images/9.jpg,16,0.09375,7.628244986790378e-06
resnet50.tv_in1k,../dog_images/9.jpg,16,0.203125,1.3607456367026316e-05
resnet50.tv_in1k,../dog_images/9.jpg,16,0.40625,3.148599364521942e-05
resnet50.tv_in1k,../dog_images/9.jpg,16,0.609375,3.271319360464986e-05
resnet50.tv_in1k,../dog_images/9.jpg,16,0.796875,3.727940435283017e-05
resnet50.tv_in1k,../dog_images/9.jpg,16,0.890625,3.563539115702952e-05
resnet50.tv_in1k,../dog_images/9.jpg,16,0.953125,4.866383500257143e-05
resnet50.tv_in1k,../dog_images/9.jpg,16,1.0,5.119814022691571e-05
resnet50.tv_in1k,../dog_images/9.jpg,32,0.09375,3.797696422225272e-06
resnet50.tv_in1k,../dog_images/9.jpg,32,0.203125,1.3650960852373828e-05
resnet50.tv_in1k,../dog_images/9.jpg,32,0.40625,2.3781489630891883e-05
resnet50.tv_in1k,../dog_images/9.jpg,32,0.609375,3.136523747571118e-05
resnet50.tv_in1k,../dog_images/9.jpg,32,0.796875,4.534452767757102e-05
resnet50.tv_in1k,../dog_images/9.jpg,32,0.890625,3.9002726907710894e-05
resnet50.tv_in1k,../dog_images/9.jpg,32,0.953125,4.289951857572305e-05
resnet50.tv_in1k,../dog_images/9.jpg,32,1.0,5.924345185803759e-05
resnet50.tv_in1k,../dog_images/9.jpg,56,0.09375,2.7436702794148005e-06
resnet50.tv_in1k,../dog_images/9.jpg,56,0.203125,1.570321023791621e-05
resnet50.tv_in1k,../dog_images/9.jpg,56,0.40625,2.0962588848760788e-05
resnet50.tv_in1k,../dog_images/9.jpg,56,0.609375,3.648817511248126e-05
resnet50.tv_in1k,../dog_images/9.jpg,56,0.796875,3.501719857013086e-05
resnet50.tv_in1k,../dog_images/9.jpg,56,0.890625,4.04361778691964e-05
resnet50.tv_in1k,../dog_images/9.jpg,56,0.953125,4.191188526192491e-05
resnet50.tv_in1k,../dog_images/9.jpg,56,1.0,3.721813652646233e-05
